Datetime,Water Level (m)
2025-04-06 12:00:00,0.30577156
2025-04-06 13:00:00,0.1097052
2025-04-06 14:00:00,-0.164195
2025-04-06 15:00:00,-0.4463424
2025-04-06 16:00:00,-0.62436324
2025-04-06 17:00:00,-0.6600378
2025-04-06 18:00:00,-0.6247512
2025-04-06 19:00:00,-0.5150235
2025-04-06 20:00:00,-0.3340663
2025-04-06 21:00:00,-0.15719746
2025-04-06 22:00:00,-0.054963134
2025-04-06 23:00:00,0.03567459
2025-04-07 00:00:00,0.048718706
2025-04-07 01:00:00,-0.0023521865
2025-04-07 02:00:00,-0.1743139
2025-04-07 03:00:00,-0.37097406
2025-04-07 04:00:00,-0.5576957
2025-04-07 05:00:00,-0.62609655
2025-04-07 06:00:00,-0.5912673
2025-04-07 07:00:00,-0.4673183
2025-04-07 08:00:00,-0.25683486
2025-04-07 09:00:00,-0.009280934
2025-04-07 10:00:00,0.22807603
2025-04-07 11:00:00,0.37540808
2025-04-07 12:00:00,0.43920997
2025-04-07 13:00:00,0.36872074
2025-04-07 14:00:00,0.14202549
2025-04-07 15:00:00,-0.17682499
2025-04-07 16:00:00,-0.49522093
2025-04-07 17:00:00,-0.73307174
2025-04-07 18:00:00,-0.8003847
2025-04-07 19:00:00,-0.80356807
2025-04-07 20:00:00,-0.69214076
2025-04-07 21:00:00,-0.42125556
2025-04-07 22:00:00,-0.11731738
2025-04-07 23:00:00,0.08661678
2025-04-08 00:00:00,0.20341587
2025-04-08 01:00:00,0.23847178
2025-04-08 02:00:00,0.12937987
2025-04-08 03:00:00,-0.13011508
2025-04-08 04:00:00,-0.39854434
2025-04-08 05:00:00,-0.63612425
2025-04-08 06:00:00,-0.7495007
2025-04-08 07:00:00,-0.7335978
2025-04-08 08:00:00,-0.5930026
2025-04-08 09:00:00,-0.30341187
2025-04-08 10:00:00,0.0070727123
2025-04-08 11:00:00,0.3160663
2025-04-08 12:00:00,0.49362576
2025-04-08 13:00:00,0.5313282
2025-04-08 14:00:00,0.41323358
2025-04-08 15:00:00,0.11933525
2025-04-08 16:00:00,-0.2580483
2025-04-08 17:00:00,-0.6401738
2025-04-08 18:00:00,-0.88702685
2025-04-08 19:00:00,-0.9455536
2025-04-08 20:00:00,-0.9030216
2025-04-08 21:00:00,-0.6663608
2025-04-08 22:00:00,-0.28801656
2025-04-08 23:00:00,0.032801274
2025-04-09 00:00:00,0.29282847
2025-04-09 01:00:00,0.42259046
2025-04-09 02:00:00,0.41391224
2025-04-09 03:00:00,0.2124779
2025-04-09 04:00:00,-0.1374131
2025-04-09 05:00:00,-0.48996595
2025-04-09 06:00:00,-0.8119069
2025-04-09 07:00:00,-0.87953955
2025-04-09 08:00:00,-0.8149135
2025-04-09 09:00:00,-0.586566
2025-04-09 10:00:00,-0.22376172
2025-04-09 11:00:00,0.15975057
2025-04-09 12:00:00,0.48238033
2025-04-09 13:00:00,0.6089757
2025-04-09 14:00:00,0.6018504
2025-04-09 15:00:00,0.42050934
2025-04-09 16:00:00,0.033200167
2025-04-09 17:00:00,-0.41008422
2025-04-09 18:00:00,-0.8394956
2025-04-09 19:00:00,-1.0131669
2025-04-09 20:00:00,-1.0227399
2025-04-09 21:00:00,-0.84870404
2025-04-09 22:00:00,-0.47941127
2025-04-09 23:00:00,-0.044154413
2025-04-10 00:00:00,0.3214157
2025-04-10 01:00:00,0.5746486
2025-04-10 02:00:00,0.6288781
2025-04-10 03:00:00,0.5188044
2025-04-10 04:00:00,0.20432854
2025-04-10 05:00:00,-0.23925303
2025-04-10 06:00:00,-0.6699921
2025-04-10 07:00:00,-0.9231767
2025-04-10 08:00:00,-0.90926456
2025-04-10 09:00:00,-0.764061
2025-04-10 10:00:00,-0.45094395
2025-04-10 11:00:00,0.0003058118
2025-04-10 12:00:00,0.4043712
2025-04-10 13:00:00,0.69116944
2025-04-10 14:00:00,0.7756406
2025-04-10 15:00:00,0.6742898
2025-04-10 16:00:00,0.32259616
2025-04-10 17:00:00,-0.16545746
2025-04-10 18:00:00,-0.66280335
2025-04-10 19:00:00,-1.0295146
2025-04-10 20:00:00,-1.1163878
2025-04-10 21:00:00,-0.99580556
2025-04-10 22:00:00,-0.6471979
2025-04-10 23:00:00,-0.20035781
2025-04-11 00:00:00,0.24877855
2025-04-11 01:00:00,0.6505121
2025-04-11 02:00:00,0.79843307
2025-04-11 03:00:00,0.73642826
2025-04-11 04:00:00,0.5113363
2025-04-11 05:00:00,0.050810125
2025-04-11 06:00:00,-0.435109
2025-04-11 07:00:00,-0.8769436
2025-04-11 08:00:00,-0.97334206
2025-04-11 09:00:00,-0.91121644
2025-04-11 10:00:00,-0.6647746
2025-04-11 11:00:00,-0.2266985
2025-04-11 12:00:00,0.25975722
2025-04-11 13:00:00,0.6586103
2025-04-11 14:00:00,0.8272374
2025-04-11 15:00:00,0.7989244
2025-04-11 16:00:00,0.5619365
2025-04-11 17:00:00,0.08430455
2025-04-11 18:00:00,-0.44142267
2025-04-11 19:00:00,-0.96925753
2025-04-11 20:00:00,-1.1473991
2025-04-11 21:00:00,-1.1168673
2025-04-11 22:00:00,-0.84072345
2025-04-11 23:00:00,-0.4025827
2025-04-12 00:00:00,0.1117908
2025-04-12 01:00:00,0.5586542
2025-04-12 02:00:00,0.8409753
2025-04-12 03:00:00,0.8820831
2025-04-12 04:00:00,0.7339447
2025-04-12 05:00:00,0.3396786
2025-04-12 06:00:00,-0.18543725
2025-04-12 07:00:00,-0.7100619
2025-04-12 08:00:00,-1.0143121
2025-04-12 09:00:00,-1.0251161
2025-04-12 10:00:00,-0.8419103
2025-04-12 11:00:00,-0.45907897
2025-04-12 12:00:00,0.0131425
